SelectionLabel,Manufacturer Name,Product Name,Image File Name,Item Number
Hayward - Aquanaut 250,Hayward,Aquanaut 250,HAYWARD_AQUANAUT-250_Image1.jpg,
Hayward - Aquanaut 450,Hayward,Aquanaut 450,aquanaut-450-view-1.jpg,06131486
Hayward - AquaVac 250Li,Hayward,AquaVac 250Li,hayward_aquavac250 Li Right.png,34550327
Hayward - Navi 50,Hayward,Navi 50,Navi 50 Left.jpeg,06131601
Hayward - Navi 50 V-Flex,Hayward,Navi 50 V-Flex,Navi 50 V-Flex Left.jpeg,06131627
Hayward - Penguin,Hayward,Penguin,PENGUIN_Group.jpg,06131189
Hayward - Tiger Shark QC,Hayward,Tiger Shark QC,tigershark-right.png,34550178
Hayward - TracVac,Hayward,TracVac,Hayward TracVac_Image1.jpg,06131650
Maytronics - Active 15,Maytronics,Active 15,Active15_RightAngle.png,21950035
Maytronics - Active 20,Maytronics,Active 20,Active20_Right.png,21950050
Maytronics - Active 30 w/ Wifi,Maytronics,Active 30 w/ Wifi,Active30_Right.png,21950100
Maytronics - Active 40 w/ Wifi,Maytronics,Active 40 w/ Wifi,Active 40.jpg,21950167
Maytronics - Active 60 w/ Wifi,Maytronics,Active 60 w/ Wifi,Active 60.jpg,21950175
Maytronics - Liberty 200,Maytronics,Liberty 200,LIBERTY200_Front.png,21950225
Maytronics - Liberty 300,Maytronics,Liberty 300,LIBERTY300_2022.png,21950241
Maytronics - Liberty 400,Maytronics,Liberty 400,Dolphin-LIBERTY-400.png,21950258
Maytronics - Nautilus CC,Maytronics,Nautilus CC,NAUTILUS CC_ ST_Hero.png,21950191
Maytronics - Nautilus CC Plus,Maytronics,Nautilus CC Plus,dolphin-nautilus-plus-pz.png,21950209
Maytronics - Skimmi Surfance Robot,Maytronics,Skimmi Surfance Robot,Dolphin-Skimmi.png,21950274
Maytronics - Solo,Maytronics,Solo,Maytronics Solo.png,21950027
Maytronics - Sonar 50,Maytronics,Sonar 50,Niya Sonar 50.png,21950407
Pentair - Dorado,Pentair,Dorado,Dorado_Image.jpg,79011359
Pentair - Kreepy Kruiser,Pentair,Kreepy Kruiser,Kreepy Krauly Kruiser_Image.jpg,25951120
Pentair - Lil' Rebel,Pentair,Lil' Rebel,Lil-Rebel.tif,79011037
Pentair - Lil' Shark,Pentair,Lil' Shark,LilShark_white.png,79011029
Pentair - Rebel,Pentair,Rebel,Rebel_SideView.jpg,79011326
Polaris - 3900 Sport,Polaris,3900 Sport,3900S3-4 Front Shot.tif,32021180
Polaris - 7240 Sport,Polaris,7240 Sport,Polaris_7240_Sport.png,32021271
Polaris - Alpha iQ,Polaris,Alpha iQ,Alpha_iQPlus_TSE.png,32021297
Polaris - Alpha iQ+,Polaris,Alpha iQ+,Alpha_iQ_TSE 2.png,32021305
Polaris - Atlas XT,Polaris,Atlas XT,polaris atlas xt NEW.png,32021404
Polaris - EPIC 8520,Polaris,EPIC 8520,Polaris Epic_8520_No Shadow.png,32021339
Polaris - EPIC 8640,Polaris,EPIC 8640,Polaris Epic_8640_No Shadow.png,32021347
Polaris - EPIC 8642iQ,Polaris,EPIC 8642iQ,Polaris Epic_8642iQ_TSE.png,32021354
Polaris - Freedom Cordless,Polaris,Freedom Cordless,01_FREEDOM.png,32021495
Polaris - Freedom Plus Cordless,Polaris,Freedom Plus Cordless,Freedomplus Left.png,32021461
Polaris - Freedom SC Cordless,Polaris,Freedom SC Cordless,01_Freedom_SC.png,32021446
Polaris - Phenom iQ+,Polaris,Phenom iQ+,03_PHENOM_iQ+.png,32021453
Polaris - Pixel Cordless,Polaris,Pixel Cordless,Pixel Top Angle.png,32021388
Polaris - Q4000,Polaris,Q4000,32021396_Image.jpg,32021396
Polaris - Quattro Sport,Polaris,Quattro Sport,Quattro Sport HERO.jpg,32021172
Polaris - Scout 40 Robotic,Polaris,Scout 40 Robotic,scout_40.jpg,32021479
Polaris - Scout 42iQ Robotic,Polaris,Scout 42iQ Robotic,scout_42iq_hero.png,32021438
Polaris - Skimbot,Polaris,Skimbot,03_Skimbot No Shadow.png,32021313
Polaris - Spabot,Polaris,Spabot,03_Spabot.jpg,32021420
Polaris - TR28P,Polaris,TR28P,TR28P.png,32021289
Polaris - TR35P,Polaris,TR35P,TR35P_1.jpg,32021099
Polaris - TR36P,Polaris,TR36P,TR36P_TSE_Front.png,32021248
SunBlazer - GR10,SunBlazer,GR10,SunBlazer_GR10_Image.png,
SunBlazer - GR5,SunBlazer,GR5,SunBlazer_GR5_Image.png,
Zodiac - G3 Pro,Zodiac,G3 Pro,Zodiac G3 Pro Left.png,52520228
Zodiac - MX6 Elite,Zodiac,MX6 Elite,MX6_Zodiac-2.png,52520335
Zodiac - MX8 Elite,Zodiac,MX8 Elite,MX8_Image.jpg,52520350


